user_id,username,password,email
1,ldurban0,eGdVHXzEF,dcluet0@army.mil
2,dhuxham1,IHU5nsBdOsG2,araisher1@scribd.com
3,yaloigi2,ARApLAcMYsg,hhaworth2@ucla.edu
4,tdowzell3,xhKc1I,wheak3@prnewswire.com
5,rkaye4,ZnpADGU,roverton4@flavors.me
6,lzamudio5,RSPCI617vS,cbeddall5@opensource.org
7,estoddard6,EyTPVWfOQg,gmckeefry6@utexas.edu
8,snormand7,s1nsHqRt,emcilvenny7@livejournal.com
9,hmacavaddy8,pF1bwPaQ,bbufton8@smh.com.au
10,wmcneilley9,QPonPKu5ID4,cgatherer9@kickstarter.com
11,fcaugheya,33VEWVoQx7,gparbrooka@unicef.org
12,eangelib,uP13ukymgd9,hmcgroryb@java.com
13,lcranglec,ql3tJSaQWQgF,dlidgardc@twitpic.com
14,lpengelleyd,LLoZTXbA,fhruskad@netlog.com
15,bcomettoie,FOxvlO4JX3,trheubottome@discovery.com
16,ldixeyf,tgF1SnmP,lpeachamf@businessweek.com
17,sgrowcottg,DvbISO,wberrieg@google.co.uk
18,mcadlockh,IU7sHwVB77o0,cchattoh@usa.gov
19,mpachecoi,MmNa9pm,ojakuszewskii@github.com
20,jsurgenorj,f47ush,cjostanj@lycos.com
21,aheinritzk,USN7YO368,abrookzk@desdev.cn
22,uwharraml,3B4em9FTiOps,emacgovernl@goo.ne.jp
23,mkelsowm,uIgNEKV,ahelsbym@uiuc.edu
24,ewadwelln,XjwWZWa7Pd,bsimeneln@wunderground.com
25,dcomettoo,TClkC7bILnc7,bdeancywilliso@theglobeandmail.com
26,askullp,nBfr1dY2,bmoiserp@cpanel.net
27,gcosseyq,eV5NnBaN,vnaullsq@nationalgeographic.com
28,pportchr,mwORd2ksY3t,tjenikr@storify.com
29,dhoundesomes,O1ANiuzYBu38,wemburys@topsy.com
30,djakemant,EDyv4jYGfP,scowherdt@engadget.com
31,mwoganu,A9JCg5,thastingsu@abc.net.au
32,pbuntainv,nvhb50dBz,mcouchev@marriott.com
33,nmacdiarmondw,smKZz4El,tcragoew@topsy.com
34,tdrinnanx,GhzTMCCbBOB1,gbetzx@redcross.org
35,csidley,e0oI1TmrIcq,cflethamy@storify.com
36,wjillinsz,AHyh7uSD9yD2,mpeltzerz@who.int
37,khelliar10,HcFTT5cdkFg,fgarman10@sbwire.com
38,dputt11,WlTXwncrKcf,jspraggon11@smh.com.au
39,aself12,biQVfN,jcarde12@smh.com.au
40,eroberson13,7muNp440kE,bgarnsworthy13@icio.us
41,jliepins14,thPie7mgYC,bparradice14@ow.ly
42,jcornill15,QWJenYl3,rshowers15@washington.edu
43,amccrudden16,DYtnddVWm9,gcoffin16@comsenz.com
44,zowthwaite17,osj3w8Vkmrmw,kleggate17@unc.edu
45,arollinson18,koYNwe3,cmitchel18@flavors.me
46,btitterrell19,5wGFJriS9Lr,erobertson19@google.ru
47,rkirkbright1a,xJBDwUh,kventura1a@indiatimes.com
48,gyorston1b,fWxrHc2VNgN,tashmole1b@domainmarket.com
49,smildmott1c,JeSXVNLU,ploseby1c@sfgate.com
50,pmccaskill1d,B1H7t1x,vprazor1d@issuu.com
51,lcharlotte1e,quCdWxIzMAt,mneenan1e@biglobe.ne.jp
52,rheavy1f,wwf1up47ipl,sfranchioni1f@cnbc.com
53,blemm1g,gbLcnVQ4,ehinze1g@mtv.com
54,lcrang1h,OnAbxAa,vranklin1h@skyrock.com
55,smacneill1i,PicvRhgR,sspreckley1i@nasa.gov
56,zkarpol1j,KMOqt9,amartygin1j@cbslocal.com
57,abritzius1k,FVU0Rmo0R,dmooreed1k@de.vu
58,swickson1l,Sm9UuKtT5,ssydney1l@yahoo.com
59,crolfo1m,0rvMKRUmuRVJ,ftanfield1m@wikispaces.com
60,pmccoughan1n,yNdQhCq,bdolligon1n@adobe.com
61,cwitts1o,zZRzCyonks,wguilloux1o@soup.io
62,jwonham1p,44eY9z,ebamfield1p@51.la
63,acowser1q,MOb00Cq77N,whubatsch1q@domainmarket.com
64,gonn1r,HQ52KLm4t,ijeavon1r@furl.net
65,odudderidge1s,qAqfqaiAQaa,mmorhall1s@virginia.edu
66,mcrus1t,WEDCh1HxkO,aissacof1t@nih.gov
67,gbozworth1u,gfVSBJ,sbalassa1u@foxnews.com
68,sscrane1v,PdfNVP2l,ryukhnini1v@marriott.com
69,jphizaclea1w,qZAn00,pheibel1w@fda.gov
70,bgaddas1x,db2uccWCbd,sdosdale1x@hp.com
71,hlewinton1y,8eLCTX,smusprat1y@census.gov
72,vsiggins1z,JxMMgJ,bharbison1z@google.co.uk
73,mannott20,Vj6buLz,vbuyers20@intel.com
74,rstud21,bwNdiOxn,igonzales21@joomla.org
75,fhinemoor22,pbUVMlBeu0Rf,tscourge22@flavors.me
76,drudderham23,To8Vm3WWs,etupp23@linkedin.com
77,esutehall24,ORetwf,dpley24@europa.eu
78,langrick25,Sb8h34GwD7e,avarty25@github.io
79,jride26,tx4mDo,akinahan26@google.com
80,kcaldera27,7jSgUjPg,lcapstaff27@washingtonpost.com
81,jpetford28,00yTRjm,eroundtree28@slate.com
82,mhayman29,gp8Aqqyd9o,mhampe29@scientificamerican.com
83,dseccombe2a,tEAEvyxGM,obownes2a@pen.io
84,kalbion2b,ZvJBe9l0cB0,ldoy2b@princeton.edu
85,rmcmaster2c,ufpeOJkwc,rraffels2c@state.tx.us
86,rcampsall2d,LqQrCU,echurcher2d@joomla.org
87,rscain2e,Zxc9IBp,djouannot2e@howstuffworks.com
88,dslaymaker2f,4pXw6oI,mfeldheim2f@vkontakte.ru
89,swisniewski2g,OJHviNzx6N,rbertolaccini2g@japanpost.jp
90,lpanting2h,VsBkc6ITw,jlemar2h@hp.com
91,creynoldson2i,33aJ5P,ahasley2i@sciencedirect.com
92,bsimeon2j,aMVYSR,fmathie2j@smugmug.com
93,hnewstead2k,NNa8dkf0SeZf,tmityakov2k@redcross.org
94,cbarizeret2l,7o0DTcEaY,finnwood2l@w3.org
95,jferfulle2m,7xcpi6yWr,jhammatt2m@blinklist.com
96,sbury2n,KxbXaLUfb,astreatley2n@cbslocal.com
97,chugli2o,avMsaeF,kdinsale2o@webs.com
98,gmachen2p,mqC65mIvt,bcoughlin2p@gizmodo.com
99,cfyall2q,aTEqMf,rcarlo2q@salon.com
100,bborrowman2r,CN3b4gf7,ttetley2r@indiegogo.com
101,bjaffrey2s,oskFKt3L1VL,amay2s@com.com
102,gjeffrey2t,vV4V2WB6,pdemcik2t@netvibes.com
103,pcohane2u,BCgpN521,ghugin2u@so-net.ne.jp
104,cschwieso2v,fD6di9uiug,bmcgaughey2v@netlog.com
105,cswiffan2w,pZ9304,amaggiori2w@storify.com
106,kdalliwater2x,KZayF7UbU1f9,fdobbinson2x@vinaora.com
107,ptapley2y,kKzbaRHqkPf,cdeangelo2y@plala.or.jp
108,ltewkesbury2z,2iqS1S,jcallingham2z@google.de
109,lseamen30,M7iSuayM0ra,rkopelman30@shareasale.com
110,bshepheard31,RTBHDmF6,gmattinson31@msu.edu
111,blaugier32,k4TM2LIVl6,gmusker32@furl.net
112,vyanele33,m8wZsqDku,jweblin33@jugem.jp
113,mharrod34,3VxTV918Y,fbynert34@bandcamp.com
114,anormanville35,IIr4lVnJs5S,cquarry35@washingtonpost.com
115,jwoodruff36,n2XlpzLi77Ot,hlattimer36@mail.ru
116,gstoffel37,PwoTH6w3qTn,dgrassi37@msn.com
117,ktreat38,QuUjRQ5,lbolsteridge38@addthis.com
118,ddubery39,9CP2BkwmJ,dwinny39@about.me
119,arusson3a,ZP8krIUx,bbarbie3a@meetup.com
120,fdodworth3b,E2HFS7HR6T,wsedger3b@chronoengine.com
121,kbenedek3c,MMAzOWDD99,ptewelson3c@canalblog.com
122,tbenedetti3d,KHylLmmy,fprinn3d@netscape.com
123,kseligson3e,rhBZtTdda,ufoulser3e@java.com
124,tcushelly3f,xegfSjkU,cricciardo3f@t.co
125,esetford3g,YAVEHHXAo,rbundey3g@telegraph.co.uk
126,tbeetham3h,wGH0mRaA,nbelbin3h@last.fm
127,yyanshin3i,ptF0yca,dconquer3i@shareasale.com
128,tshay3j,CJt36J34,sclerc3j@mail.ru
129,dhurdis3k,UHmfxR,afrederick3k@bigcartel.com
130,pbeedham3l,iRdLyCWOGwVQ,thefferan3l@google.fr
131,oshirer3m,bpfsNrxUC,mcoronas3m@godaddy.com
132,hcalrow3n,7UfdlKC0dc,knerney3n@intel.com
133,jgarber3o,gJtd7U,lsnedden3o@elpais.com
134,kivasyushkin3p,gANx7TKWH,bsrutton3p@cdc.gov
135,lpaydon3q,DjgZpCjq75,hstebbings3q@constantcontact.com
136,tlarrington3r,EqEPKVa8,tellicombe3r@hatena.ne.jp
137,imarrian3s,VbrDbWvZ,mmcgirr3s@tinyurl.com
138,lsmeath3t,e4tL2u,bredfern3t@huffingtonpost.com
139,pgarford3u,rZeEMJ2HQ5Np,fleonard3u@bigcartel.com
140,jdougliss3v,8GUuXwhua5tT,hmallabon3v@dropbox.com
141,kreavell3w,oscy0D,blound3w@umn.edu
142,ptrent3x,XgWk70,rgething3x@behance.net
143,whuc3y,ylps8RVAYFi3,gmckeaveney3y@about.com
144,jfremantle3z,lVWcNIb2nHAY,gwayt3z@a8.net
145,khilbourne40,0MtGYuVfJW,nbogaert40@businessinsider.com
146,csommerland41,e9gB1DgJw,afernier41@eventbrite.com
147,bwheowall42,Eaf7wE2O,lvickar42@sitemeter.com
148,dmilham43,4XEUfoY3X,jenever43@nhs.uk
149,scanedo44,8V6nEyM0FMnq,dvatcher44@drupal.org
150,ascard45,mvxPgZpCgF4s,fswayland45@cornell.edu
151,soquin46,OEs1g9N,lwestmorland46@chron.com
152,raymer47,iZtIUsMACyN,tboughen47@epa.gov
153,afolshom48,nnOrgbS,smathet48@va.gov
154,rswales49,MtEA6Yd,helix49@topsy.com
155,tmarval4a,ycmE3V88ucr,kcockton4a@goo.gl
156,kburkman4b,Ie09hm3i1LI,blittlepage4b@gmpg.org
157,dstokell4c,szuXswIK,amckleod4c@multiply.com
158,lkilmurray4d,iRX80SX,nlampkin4d@tinyurl.com
159,tmcnirlan4e,Sy29hB5rP,dskitteral4e@noaa.gov
160,fconey4f,dilce8UChl,rmushart4f@e-recht24.de
161,gledur4g,fLKB1U5r2fVv,mhandman4g@pen.io
162,nwalthall4h,MxxXRk,xjirus4h@youtu.be
163,ddodimead4i,ioTCydw0q,gdavidovic4i@livejournal.com
164,roherlihy4j,1shS1Uyabz1,dfassam4j@jigsy.com
165,gdurbin4k,pP5NwxDG,vstollery4k@51.la
166,rwhapple4l,faRoCarC,hsaipy4l@so-net.ne.jp
167,ktrace4m,BfQBDqB,vgorring4m@arstechnica.com
168,acastellaccio4n,7nL0EsC,amcmichan4n@youtu.be
169,ahartzogs4o,MbHAxEklO,cwalesby4o@google.com.hk
170,mrochewell4p,EybPXIfCSM08,dheadley4p@feedburner.com
171,bteggin4q,urtUrGw5K,bcrawford4q@typepad.com
172,ojosiah4r,8IMsTCTL9,fdawltrey4r@bloglines.com
173,lwayland4s,xjSIQncKM8,ssheen4s@qq.com
174,ihartus4t,Yysnnr,gramsden4t@stumbleupon.com
175,aearry4u,2TnEKcn3W,fgenever4u@constantcontact.com
176,caim4v,PK8MYxJ,bbartoszewski4v@kickstarter.com
177,sdestouche4w,xbeeOGYmA,acoffey4w@ucoz.com
178,dboon4x,A9QcCMIOKN8S,bcoulman4x@etsy.com
179,adybald4y,CRcyKaVyd,mkibel4y@earthlink.net
180,mchesworth4z,SBEGYksN2ke,fmaunsell4z@alibaba.com
181,mjacklin50,Yi5Qbc08rAg,jcheer50@geocities.com
182,pdaughtrey51,fC6DjO,etakle51@sakura.ne.jp
183,rfaunch52,RlcUHWJ,bmackieson52@opera.com
184,sgawkroge53,qyLzkztUuu,mquinney53@ucsd.edu
185,ftreharne54,QJW7tasCw,scornick54@independent.co.uk
186,hnavan55,AbPXfWKKD,ocampes55@posterous.com
187,dgaskin56,p17gI2,tmishow56@disqus.com
188,hkidston57,vwmc533VBH,iwaterfield57@hc360.com
189,apetronis58,7AbnZOS,egalbreath58@freewebs.com
190,fhupka59,ywA1Q0oKe,leubank59@stumbleupon.com
191,tbromehead5a,Vqt6tDs,qimison5a@latimes.com
192,charsnipe5b,WFJ3WUqEvrra,dgergher5b@hexun.com
193,ekliemchen5c,xzkt7RL8Q,bcardo5c@patch.com
194,trunnacles5d,IRTZig,lkeeting5d@eepurl.com
195,jfintoph5e,SRBRBgU2,sgetch5e@addtoany.com
196,sshackelton5f,pmdV1c2k,dennals5f@weibo.com
197,apesik5g,P7loKgC7Hcho,amakeswell5g@ow.ly
198,tgeorgot5h,mCFKAe4DJI,gwhilder5h@va.gov
199,ajearum5i,LVzfkti,rbarens5i@dedecms.com
200,mhawkyens5j,uCzkd09ledGX,mbraley5j@flickr.com
201,emaystone5k,3nmhYav,ahaylock5k@mac.com
202,cmoatt5l,884CWKd,maldrich5l@list-manage.com
203,agisbey5m,S6Pez3Un,fmaccarlich5m@whitehouse.gov
204,cpridgeon5n,SbnZFXdPuEJn,nemeney5n@cnn.com
205,ndouty5o,lNdZRsCOORH,kspedroni5o@goodreads.com
206,mcrus5p,NcjPUyK,cbuckett5p@mail.ru
207,amathwen5q,j4aGQjQN5MV,shelbeck5q@desdev.cn
208,espirritt5r,2Gx2PaT74I,ttoffano5r@toplist.cz
209,alemonnier5s,e7MFIA,glangfitt5s@slideshare.net
210,jchattelaine5t,B2YljG3jeFAx,churles5t@sphinn.com
211,mburnand5u,ubWmnSog,preisenberg5u@technorati.com
212,eferfulle5v,TPbVDyd73sWA,bmcnae5v@seesaa.net
213,cmathey5w,ou1QRH1r2yk2,sdodson5w@about.com
214,bworsom5x,XXKE4WqcJo,lmussen5x@nps.gov
215,kcochrane5y,J86sOcaoUIK,obearward5y@mozilla.org
216,tmattacks5z,y2RppPPP,bhacon5z@hubpages.com
217,pshoesmith60,aJngMB,droscow60@zdnet.com
218,ljoy61,hYwXguNwV7Lq,jmclanachan61@cyberchimps.com
219,scharlick62,WpHhcbz,lbroome62@google.co.uk
220,djosefsen63,LkxRkZv,qcavilla63@networksolutions.com
221,resilmon64,QNio8uaAOfI,efetterplace64@phpbb.com
222,rwraight65,b4hJwRJ,gkendell65@cnbc.com
223,hgooke66,9x3zrG8Kl6Q,flearmond66@jigsy.com
224,mhanrott67,GxbhtX3,mcartmer67@princeton.edu
225,ggretton68,7youNV7CQLa,rmoors68@t.co
226,lvegas69,tTSensi,bmold69@springer.com
227,rbaltrushaitis6a,FZs1UZQnG,lmatthai6a@angelfire.com
228,aderuggiero6b,rfu1NtJzwLu,kbarras6b@gmpg.org
229,fsibary6c,31YGm2oT77AP,cwiburn6c@hao123.com
230,dclements6d,f4Qyzc,rfilan6d@purevolume.com
231,jwarboys6e,xHPo2geny,lgritland6e@wsj.com
232,ogosforth6f,vzG99vcT,jcollocott6f@gov.uk
233,jgeare6g,700zIZGFH2,hmacquaker6g@4shared.com
234,eeborall6h,qh97rpRb0ry,coreagan6h@sun.com
235,ncorde6i,9jNLGiFpjTq,tscotts6i@nba.com
236,tabrahams6j,QK50jHcrf,dduffyn6j@360.cn
237,taisthorpe6k,7gf0uX,ahagstone6k@privacy.gov.au
238,ljesteco6l,KqQQlvF2Na,kescale6l@youtu.be
239,sscotchmor6m,tjstC9rP,labram6m@adobe.com
240,rvargas6n,8Q1ddjBO,kmartyntsev6n@t.co
241,drishman6o,zDhWpvPJjDL,hgallyhaock6o@uol.com.br
242,wthewless6p,dZhF9JHQB,arochelle6p@virginia.edu
243,lgoodbairn6q,JiqUOx,tsheilds6q@cbc.ca
244,evaskin6r,AZO4MtV,wmohammad6r@elpais.com
245,sscowen6s,cp1wg0bgbF,rgwinnel6s@bing.com
246,areeders6t,OI1iPMEYUe0,lscothern6t@gnu.org
247,kkaindl6u,ISPqChWRN6m,epershouse6u@squidoo.com
248,jogilby6v,1tRwRXDeTsD,mlippini6v@netlog.com
249,bbaldrey6w,KM62tk2fn,cserrels6w@mysql.com
250,afrake6x,k1nuspo7L6K4,mlucock6x@latimes.com
251,agilbanks6y,Gg70XI,cstandish6y@youtube.com
252,jstopford6z,b21fut0GdNu,bclayson6z@salon.com
253,tlangman70,DdvLTNd,mschenfisch70@whitehouse.gov
254,jburridge71,YJbaJ6SJg,ptamburo71@walmart.com
255,kboni72,GV0MkD7gv,plondors72@smugmug.com
256,rsibthorp73,XsrDf46p,aalbers73@webnode.com
257,fwragge74,5SFQipslN,semery74@t-online.de
258,fzavittieri75,qnvYUjKke92,kcona75@lulu.com
259,jmechell76,DDNXQ5sAU,cjex76@sogou.com
260,afludder77,iknv5K,rgravenall77@wikia.com
261,gsaladine78,rprDwKBHEyPB,lgoby78@surveymonkey.com
262,rnajera79,UqrNJgmzdOk,epawelski79@kickstarter.com
263,dtersay7a,ryKUmls3tOX,ccoulbeck7a@marketwatch.com
264,msainsberry7b,lyk0OJ,gokennedy7b@naver.com
265,cdjorvic7c,KvMV5MM,sjackett7c@wired.com
266,gbautiste7d,rnRWgr,hgilbard7d@eventbrite.com
267,hcamplin7e,DTHciM,lmannie7e@rambler.ru
268,dcasina7f,O0FpiGuHRL0,mhaukey7f@cornell.edu
269,mmckew7g,oSIfNwKtZ,bcasino7g@wsj.com
270,fciobutaru7h,Q8EgB0,sstollhofer7h@dyndns.org
271,hbraden7i,kEeIYO64,dmor7i@quantcast.com
272,efruser7j,eZXRlJ6,sbispo7j@pagesperso-orange.fr
273,dkiendl7k,x0pHYw696T,dsidworth7k@wufoo.com
274,snesbeth7l,YjhOpZYoPc,agrollmann7l@yellowpages.com
275,fchalke7m,vDEkef7Z,gmatijasevic7m@redcross.org
276,pfolomin7n,Kiz2SM,rdybald7n@independent.co.uk
277,siannetti7o,J6sTVntIT,ujanuary7o@jugem.jp
278,chumm7p,OeWjLfjgscs,abowling7p@biglobe.ne.jp
279,bbonhill7q,onw544WSUjTo,zkuhnt7q@netlog.com
280,abarnardo7r,l2aaxqbBe,vandreini7r@ucoz.ru
281,bsill7s,9SBqiauOWL,layscough7s@bbb.org
282,mcoyne7t,0Q9MO8UMG,ktumpane7t@github.io
283,htetsall7u,epOQz98ddh1,zbramich7u@aboutads.info
284,bplastow7v,eU4b6N3C0Z,ecolleymore7v@blinklist.com
285,emack7w,0sr3ZNmawVJ0,akees7w@goodreads.com
286,vmarsie7x,wg0IM5jumG1E,gkeuntje7x@stanford.edu
287,jgoundrill7y,glJiNGe3iXe8,jlamps7y@bigcartel.com
288,hcockshot7z,WCOSjQQAbqO0,ekirvin7z@sun.com
289,ctreleaven80,sBt0Ot,teagland80@e-recht24.de
290,bmassinger81,bm6PzvQB,cmichallat81@cdc.gov
291,cmosson82,y1p13Iy2,glassells82@vimeo.com
292,ngaiford83,LJKXu3O,fmadge83@ucoz.com
293,gconibere84,96y9rQuD,eartharg84@reference.com
294,rdmitr85,m65dwJf5,teddison85@usnews.com
295,lsuttell86,OdR1vyLtxQ,aberi86@eepurl.com
296,ljakoviljevic87,VsJqLEjI,sstaining87@jalbum.net
297,fbacher88,rS7W92l2VVHJ,tsemor88@prlog.org
298,ssteaning89,Ex3b3NDF,gcowburn89@oakley.com
299,lwearn8a,KqhvXxTjrI,hgalloway8a@tripod.com
300,adurand8b,eyQg8Lfl,jwiffill8b@printfriendly.com
301,ddamrel8c,I4owJky51s,ulyes8c@bloglines.com
302,kcrosen8d,hrpozC,fcolum8d@google.com.br
303,iazam8e,HB1290,mgailor8e@wordpress.org
304,sshaxby8f,vCXkNPcM,kglendenning8f@vinaora.com
305,pechallie8g,LdzqbKvr,gfoch8g@go.com
306,eca8h,Heq855CZ5,efacchini8h@ameblo.jp
307,abeausang8i,oELXrrSnlPt,pcradick8i@bloglovin.com
308,trafferty8j,QMGcgbE,lcleminshaw8j@aboutads.info
309,gselly8k,NlkRONUtw,jmcwhan8k@discovery.com
310,wmatteris8l,AvhNPg,hsergeaunt8l@cyberchimps.com
311,atowndrow8m,E371X21tUE,dfivey8m@wiley.com
312,gmeadowcraft8n,xTebWDMH,bshelton8n@youku.com
313,pgockeler8o,R8oquF3gENON,bmoynihan8o@dagondesign.com
314,mrowles8p,b7O8SCbLNw5V,pvasyushkhin8p@php.net
315,srickarsey8q,mb80GHS6rUUU,cklimentyev8q@ning.com
316,jbreazeall8r,GxUy4XrN0,lsiley8r@techcrunch.com
317,keddowes8s,Jjm6RCcph3E,lmoyce8s@springer.com
318,dturner8t,TqnBjhI,rainslie8t@behance.net
319,dbozworth8u,vK3VX4,dtreat8u@multiply.com
320,lpaggitt8v,DjhEtNq,jhancox8v@columbia.edu
321,mgreave8w,dHoxJkcnv8zm,jpotes8w@gov.uk
322,risakovitch8x,UPosX35pjBu,kmaidlow8x@nasa.gov
323,jnendick8y,k7O5ivEV4mdb,rwapples8y@ft.com
324,rolivari8z,l6g4FIX,amauro8z@cbslocal.com
325,sengeham90,nK3VkYj,rmckellen90@arstechnica.com
326,mmillichip91,gMwoN3r,calkin91@google.fr
327,swillcocks92,N2azIV8Sq4,zdillistone92@wunderground.com
328,bcallaghan93,tt4wqI,reilles93@abc.net.au
329,tneave94,qJhTfVgjW7F,mobrogane94@rakuten.co.jp
330,prolance95,xkuhK2mhs,tyuryatin95@trellian.com
331,rmead96,SSA2A0ipP,lstockall96@exblog.jp
332,ddemerida97,L8wqHq,lkenward97@google.es
333,jmcbeath98,cSqbYQm8qRmZ,oniece98@behance.net
334,hreven99,U3zOcB5,hreasun99@behance.net
335,cspincke9a,MR2g9XK,ccostellow9a@acquirethisname.com
336,rjedraszek9b,DB7aV2w,host9b@abc.net.au
337,manthony9c,kuov3VlFEd,habele9c@pcworld.com
338,nskeels9d,djbqU9vwKy,dcoleshill9d@odnoklassniki.ru
339,cdunguy9e,OLhL5G,anannini9e@google.nl
340,vbartholin9f,Y1YElygCbVwz,rarcher9f@devhub.com
341,eolennane9g,9bGG3IW7bfX,estracey9g@cloudflare.com
342,vmalcolmson9h,CGHKcJXubTQ6,geveleigh9h@spiegel.de
343,nkidgell9i,JcckM3,imasser9i@youtu.be
344,gcannavan9j,ZwoLnD3,fhaymes9j@ed.gov
345,jwick9k,d4XenBicFj,sshefton9k@quantcast.com
346,ksatchel9l,y0tbdkTzui0,esyplus9l@mapy.cz
347,pprestedge9m,aeUnriOh,cdickenson9m@microsoft.com
348,madanet9n,pNeojYz2,cjancy9n@creativecommons.org
349,rdesesquelle9o,Zbs5Hla1aLoX,dwhitlock9o@amazon.de
350,stroucher9p,2qH1xzyO2Lt,gseathwright9p@ftc.gov
351,kleathem9q,dYpzXAjF4aQP,uhunnybun9q@forbes.com
352,wandrin9r,1JY1Vxe3nw,sboost9r@umn.edu
353,iblastock9s,1Vhfc5dGEd,ftaillard9s@fema.gov
354,cwillerton9t,sHnamqhl8YzB,aeaves9t@google.com.au
355,acorke9u,3wYbQM2el8,mstatham9u@hostgator.com
356,hkosel9v,69Je576tF,agregs9v@biblegateway.com
357,cmccleverty9w,x5zo2l90g,amarfell9w@cafepress.com
358,rthornewill9x,KdmW0tB,livantyev9x@apache.org
359,ldalrymple9y,MRD2L1P8,crillett9y@alexa.com
360,locannavan9z,BfIsYUTDTq,rplacidi9z@smugmug.com
361,hlabusquierea0,kVY9bdMKrZ,poneala0@hao123.com
362,godornana1,U7vPO9e6,emathelya1@usa.gov
363,crena2,wwGNrqfRK0f,gkeatcha2@prweb.com
364,jdownera3,8M9lKB,cbastiea3@com.com
365,sfriberga4,dANM48cvXhu,kgoodaylea4@gravatar.com
366,byurivtseva5,xLhyL1q,lheddana5@seattletimes.com
367,sflurya6,m3De3QUP,dmidlara6@1688.com
368,mgiacomoa7,Ax887RgdME94,esillisa7@umn.edu
369,mdikesa8,4b3nuB,jjosea8@utexas.edu
370,gdarwina9,XNiWWKWm,fsindalla9@webmd.com
371,afeildaa,ncildFzE,apeggaa@yandex.ru
372,gyandellab,SrBPDSD,etwopennyab@apple.com
373,pwrightimac,DAG28MDr,adempsterac@foxnews.com
374,gtrevenad,QAQPrxPetJ2,swoodberryad@ning.com
375,nrosenauerae,6jLs2MItunw,tlodemannae@drupal.org
376,lleipeltaf,lhmdAbHS,cmageeaf@goo.gl
377,qferencag,ftLrZkbn,cmcquadeag@domainmarket.com
378,mgrahlmansah,fDSnc0,jdelacosteah@meetup.com
379,rstevensonai,eNLaFUwo,dropertai@tiny.cc
380,srushworthaj,7z4Xh4HpO,cwaringaj@time.com
381,sorrobinak,em2Kx6xfO,aetherseyak@facebook.com
382,hnoirelal,C44mrQfIh5E,sstallwoodal@360.cn
383,lgrishaginam,47LhHmNx,smessageam@squidoo.com
384,agordenan,YGRf0Ns,ggoodwillan@drupal.org
385,lkastelao,hwwJBFgQQxQ,dnessao@naver.com
386,tloveap,ed3h45,ecutsforthap@jalbum.net
387,nweitzelaq,LmJosf2g,rtrudgionaq@google.co.uk
388,akincaidar,ybBgeGDomH,jadelbergar@trellian.com
389,fbrunias,r0H0SXy2tvsV,ngrishenkovas@marketwatch.com
390,mhundayat,HkFBZEeE1cN,hhenrichsenat@mysql.com
391,vyukhnevau,nrutxm,kvliesau@i2i.jp
392,jwalsomav,KK4J8Nk6Y,tcoughlinav@macromedia.com
393,rjenynsaw,xspgSpsoS4,cmccardaw@mail.ru
394,fglassonax,XR0mNfvZ94,csommerlingax@eepurl.com
395,rplankeay,0VjBV3nitwM,cbaystonay@oracle.com
396,rwindmillaz,z9quwPCxvxI,lcreberaz@simplemachines.org
397,jdugoodb0,bxSK7wIxy,dheightb0@squarespace.com
398,mpatemoreb1,9XG5Qx16nZm,dpalumbob1@go.com
399,xdaishb2,wmdrYOe,lgudeb2@smh.com.au
400,aszwarcb3,FgXcDGpAXLtE,neaklyb3@eventbrite.com
401,rkearnsb4,tN4hs4nC,fcasirolib4@nhs.uk
402,stomasellob5,P4qLrP,qtilliardb5@icio.us
403,bmartenb6,6niXKUAHqC,nskillernb6@bbb.org
404,dledwidgeb7,r4JsTxZisoSe,sjozefowiczb7@imageshack.us
405,emaltbyb8,Q2chfma,rpearceyb8@bloglines.com
406,laymerichb9,fxA29WNjEBkD,elinneb9@gnu.org
407,lgoodsallba,zjSWb5XIDwbw,tjacquemetba@liveinternet.ru
408,cbaudoubb,hXSCoJLRROEx,ctoorbb@craigslist.org
409,dbelseybc,GhPHkpDvLJt,bfarmiloebc@mail.ru
410,bjanzbd,SuOaXNp,ftwiggerbd@pen.io
411,rlanfranconibe,Z1dTDVjTdp,estaterfieldbe@ask.com
412,ifittallbf,8pfJuJk8e,kidneybf@yellowpages.com
413,sleberbg,3o7E327,oschulerbg@devhub.com
414,vchallenbh,teUZsG3EcH,smenarybh@symantec.com
415,kheardmanbi,NJN2WtKTv,mceeleybi@youtu.be
416,rosgorbybj,J6QjMT,vborgesiobj@meetup.com
417,dpetrakbk,RbuYhbzd1,kstudeartbk@webnode.com
418,nbendikbl,aXBwIVfMyBPJ,srameletbl@moonfruit.com
419,blemonnierbm,bmh0Ab9Xcq,rmorlonbm@tumblr.com
420,gdwerryhousebn,qnU4osmYsp,obessebn@uiuc.edu
421,cbussellbo,lBGpRfv80Lo,rgasonbo@pinterest.com
422,kdossettbp,kdT0JnzZ,kmottersheadbp@sciencedirect.com
423,vcoleybq,0jFWfn0o8Bs,bbellfieldbq@wikipedia.org
424,dgummbr,K7J8Kyu,frobicbr@independent.co.uk
425,tmiskellybs,d8eswcpP8wbS,sallombs@nydailynews.com
426,oleonardsbt,PGYU9ManF,amedhurstbt@pagesperso-orange.fr
427,dlemarybu,Kwj7ohTvsr,uhaselupbu@hhs.gov
428,idipietrobv,GnnqcW,bdemattiabv@intel.com
429,msidnellbw,uAeUKydg8G,dlundonbw@mtv.com
430,amatsellbx,S0A866ZzdbeX,kgwytherbx@hubpages.com
431,scorkishby,EpsjN8,jtwamleyby@nbcnews.com
432,kballancebz,wRp8yVpobqfA,jfalkinderbz@army.mil
433,ewoodruffc0,VFFLzczX0Idp,jliddenc0@woothemes.com
434,gdevonportc1,zSyBW5B,bbraksperc1@msu.edu
435,kfrisbyc2,rg8Jv51yYMc,bbeesleyc2@howstuffworks.com
436,pkrimmerc3,mdObMQQ,gsladec3@illinois.edu
437,bwignallc4,o6ls9e,etipensc4@goo.ne.jp
438,rvoasc5,NRhJ0iTnrc,gbooelnc5@addthis.com
439,hwallicec6,r3JSou,cespadatec6@imageshack.us
440,mvalentinc7,pNFxoeSpqLc,rpendrickc7@ucsd.edu
441,jkeitleyc8,UW4j9y,mbutlinc8@blogs.com
442,salexanderc9,SaMa7HX,braithbiec9@tiny.cc
443,amcteagueca,ET3liwNMng2,krobbingsca@webs.com
444,cbeamishcb,mf8Hrnid,tmeekscb@reuters.com
445,mcorraocc,32yEek,hcholdcroftcc@oaic.gov.au
446,btierycd,nIpJ4bu,jreadingscd@youtu.be
447,tspiritce,Ntzf0qlTWD,dbeavingtonce@goodreads.com
448,fmoylecf,OvsHKthjQ,eculshewcf@statcounter.com
449,gyettoncg,leBuwI7,kbrechecg@mediafire.com
450,cmacellarch,DXuv8I,mjakemanch@over-blog.com
451,rfeldkleinci,WefDfiEjZb,dstanlockci@cdbaby.com
452,moverycj,V5Q2XdO,tklampkcj@ebay.com
453,chayhurstck,sA4Zim,apalatinock@webs.com
454,mriverscl,kQzTzdlc,ljodrellecl@over-blog.com
455,cbrazelcm,hSRYAtE,ystartcm@gravatar.com
456,ttiltcn,z0mI8Io44,tdaleycn@csmonitor.com
457,mpilleyco,ZhZQKcnFJM,ulivingstonco@nytimes.com
458,rswadlingecp,USvqX8I,mcalancp@printfriendly.com
459,mshuardcq,GCYz8yS1M,dpemblecq@dagondesign.com
460,kfairbeardcr,u7n6VOI,cshukercr@posterous.com
461,cforlongcs,SuaYM1nYH7cu,rtomasekcs@last.fm
462,msandiferct,8ys9gK2tD,cbelsonct@google.com.hk
463,cfronkscu,fcqqlP,itayldercu@forbes.com
464,dskillmancv,C3pSgk5a,cpigotcv@shinystat.com
465,hbrightycw,H3pjs7NX8,arounsefellcw@senate.gov
466,aeveringhamcx,Vk1DQGRHnQX,bebbscx@a8.net
467,ibanckcy,mUycGzIMAVbQ,mpauluschcy@umn.edu
468,pflanagancz,WuDGDS3yN,amerkelcz@netvibes.com
469,lmckeatingd0,UWFtbugEJj0,jewend0@epa.gov
470,gmayerd1,CTOSMIHs,wdevannyd1@t.co
471,dcrowtherd2,5lkmhqjrGz,charbourd2@lycos.com
472,codoohained3,WYJh9IGT7HO0,twardeld3@reference.com
473,cblumd4,fNkOw6IK,bgoatmand4@arstechnica.com
474,fgummoryd5,ILOVkYVBUL,wtommasid5@shinystat.com
475,vcortond6,JwUfPyyLOI,lperagod6@constantcontact.com
476,mthomingad7,yOsvrym,jfellowd7@clickbank.net
477,bhoutend8,KZzEvr0,jfeehilyd8@163.com
478,jbranstond9,Ie0pvsWe6UQ4,aiddisond9@wix.com
479,afelthamda,WDknIbQBcm,psturdeyda@quantcast.com
480,bmacrowdb,zDGoAEfl5NNY,yairydb@squidoo.com
481,fwheelandc,jp2aGg,jbomandc@trellian.com
482,khabishawdd,YFX9Xjc,gvirgodd@army.mil
483,nallibande,Eu7QT1a5zTyc,sstainfieldde@macromedia.com
484,gmacpadendf,0GnMn4OOtAq,cclendinningdf@aol.com
485,gplattdg,Xr8wPPpLxO9C,dparnbydg@ow.ly
486,egiroddh,CZ77T6lzYV4,osouthdh@epa.gov
487,mkrochdi,KTwwB1P4r1M,tcawtheraydi@de.vu
488,fcantillondj,WYElV9ePHa,braineydj@symantec.com
489,jwesthoferdk,ohMN4tHAj7,lponcetdk@sfgate.com
490,czupadl,DY9bYRkBxXE,ksilbertdl@google.com.br
491,mcardendm,pibgonoIgj,fprocterdm@wikipedia.org
492,mcrowcumdn,Rf9I5aJgF,twiddalldn@arizona.edu
493,jolagenedo,eN7JSi,lmessagedo@europa.eu
494,etixalldp,EVVe36BGupGu,aspositodp@a8.net
495,afenwickdq,uweBQAYgve,fewebankdq@house.gov
496,bcaigerdr,DcCcs5af8,dannisdr@seattletimes.com
497,wfookesds,KFiivG8ONhE,gfidlerds@tripod.com
498,tminardsdt,IQfdwCOqitN,igrewedt@de.vu
499,chellierdu,mJJ312XD,rromeodu@indiegogo.com
500,kbuckeldv,ifYIs7zqxgH6,rrupertidv@ucla.edu
501,rshillittodw,vJxUl9GNYd,moldisdw@simplemachines.org
502,clangtondx,BB7B9UW1rUr,htimbydx@ebay.co.uk
503,vscrammagedy,R5lU7fas,gimlochdy@yellowbook.com
504,mkelledz,sC74GO,upryddendz@storify.com
505,emawditte0,BbLgO3,bsangere0@barnesandnoble.com
506,momaileye1,unNDcji,ocubine1@yellowbook.com
507,ovillaltae2,QfrRZq6szz0E,rduxbarrye2@google.com.br
508,rporrette3,0DFTKURKE81M,abriztmane3@wufoo.com
509,kboardse4,VG7IfBbMDf,gpedele4@spiegel.de
510,cpayse5,kVFd8esA74UJ,sgalegoe5@statcounter.com
511,beschee6,ECa76t4jUO,lveleze6@shop-pro.jp
512,sshillidaye7,m6BBaLxeWs,bgallichiccioe7@cpanel.net
513,adunstere8,RbLcum0P6ti,klottringtone8@uiuc.edu
514,gvassmane9,R3WBRukfYK,rstattere9@java.com
515,emaccaghanea,Ua8EC2,hfulopea@multiply.com
516,xduvaleb,oVXfBR1L,bmessageeb@geocities.com
517,bkivlehanec,wA9gEG4Q7q8H,equintonec@google.cn
518,bvalerioed,JNwBwQZ,bbettyed@cbc.ca
519,evasilicee,L84h0k,tgarlickee@canalblog.com
520,pbovingdonef,l69nEi6Ui,lmcauliffeef@yolasite.com
521,gwhitebrookeg,45iSXMH1HPh,jsisseloteg@mlb.com
522,mgritskoveh,ZBznV1MTN0,pboyaneh@latimes.com
523,msoldiei,Yyfzrj,ecollingtonei@hatena.ne.jp
524,lbolzmannej,DEyawbl9WH,gaplinej@skyrock.com
525,mmorriceek,pZbmzsGbMf,mraistrickek@rakuten.co.jp
526,tohalliganel,OCISbknmm4,cgervaiseel@dailymotion.com
527,teyrlem,lnZjqj9YBYQ,ramossem@theglobeandmail.com
528,ldossetten,RLh4QeO0U,ghawksleeen@zdnet.com
529,lfreundeo,gSsBJQEkA6nE,ffindloweo@com.com
530,gjacobep,7WlmsQFUG,asunderlandep@hexun.com
531,pmationeq,j3s8V2RCQI,celleringtoneq@state.tx.us
532,mocodihieer,tPHyAWz3,djoseburyer@soundcloud.com
533,gnevettes,bmZ0CpRYDr,bpetrilloes@shareasale.com
534,yexallet,QWcCVOnNW0T,mlightowlerset@youku.com
535,kstearseu,HDjYoabK01hS,ballsoeu@loc.gov
536,nauthersev,s4V50sLf6HN,kdyottev@odnoklassniki.ru
537,fstpaulew,dCziGZxNUR,aceccoliew@facebook.com
538,fserfatiex,bx6SHKSSkZ,dbruniex@sfgate.com
539,fvisteey,K9AW2uJm,tclemoney@pagesperso-orange.fr
540,ccoveyez,TMFlnsRjfH,htordoffez@php.net
541,bloftsf0,s4cIitieI,cgedlingf0@cisco.com
542,rgrinhamf1,G0OeAN1uYxeo,aboribalf1@bing.com
543,nbollinif2,kZwhint,gcaddingf2@google.cn
544,lstetlyef3,4VqRdRI,ohallardf3@narod.ru
545,odorotf4,0f0HTpAiR6UC,eschulterf4@google.pl
546,hedworthyef5,NLuKIP,jturneauxf5@census.gov
547,jferranf6,cllANb,mbedhamf6@seattletimes.com
548,lcheakef7,IQ6vckRHL1wi,lpescudf7@i2i.jp
549,ghattoef8,XFkrVN8rK3oG,rgarvanf8@eventbrite.com
550,kisakowiczf9,7nx4jVEkn3K2,ebilbief9@tripod.com
551,astudartfa,icSrWiGNG,bracefa@tiny.cc
552,drangallfb,j5nMKGxKV0q,pfentonfb@delicious.com
553,gpedlowfc,ap1kXHo,mbeazeyfc@trellian.com
554,nbowringfd,Ki9J9k9cvy1,kjolliffefd@nature.com
555,hleflemingfe,8KhoA524,vsteerfe@cnbc.com
556,arolfeff,LvUQTxIrfxcN,pcorcoranff@gizmodo.com
557,fhigganfg,1IAvzm44,asparryfg@sfgate.com
558,dfoatfh,2xnj3A7y,pwatkinsonfh@narod.ru
559,pshrimplinfi,4cMZB2ijIA,epaternosterfi@wisc.edu
560,trameletfj,dK56ah6VHpsF,egillandersfj@weibo.com
561,bshilletofk,gLsXZ9n,ccharityfk@mtv.com
562,rswafieldfl,ILRP0h,bliddiardfl@zimbio.com
563,vmartynfm,42dpUhaW,boconnorfm@alibaba.com
564,lstorrierfn,bPYfhQyJ,jwadmanfn@eepurl.com
565,ccolumbinefo,Zq2THzHJ,spullerfo@time.com
566,criceardsfp,qhJh5Jjwz,eherrerosfp@quantcast.com
567,rwardallfq,Q6IEVi9ag,nsherclifffq@discovery.com
568,bdickinsonfr,2wI8rHKM9i,cwhereatfr@a8.net
569,dchalcraftfs,4fSHlY77cf9,njeaninfs@noaa.gov
570,mrollingsonft,fm0EIwE,bgleasaneft@slideshare.net
571,cbunsonfu,uT2LnW,wselveyfu@rambler.ru
572,gjeppsfv,gfAt8D,ptouseyfv@upenn.edu
573,jmousdallfw,w4IpZY,bfoundfw@google.co.uk
574,fmcpeetersfx,F6QLcaT2mm,bmannakeefx@issuu.com
575,mlererfy,4ZH43a8WHZIz,sgrunsonfy@domainmarket.com
576,omeneuxfz,4akanjsEtGP,kfrightfz@amazon.co.jp
577,agilchristg0,vJEEf8H,bminchentong0@shinystat.com
578,adilrewg1,8I9sQvrlq,jastellg1@facebook.com
579,mcharlickg2,OwmTwY7GNWWo,pbinhamg2@comcast.net
580,audallg3,52zhHZYiQk1,tyabsleyg3@vistaprint.com
581,mlindwasserg4,IsB0xrYi,efreibergg4@microsoft.com
582,gforog5,1bM7uc,bfroodg5@topsy.com
583,mmixtureg6,W9chunN,djoyeg6@mlb.com
584,pburkartg7,ItXBcbb8,atschirascheg7@google.ca
585,lpepysg8,j6Z3DGAr,blightowlersg8@nytimes.com
586,sfeitosag9,FGvzKMEDlOw,jfrankemag9@usa.gov
587,lrodenburgga,DEYvo11eOaru,pdowga@economist.com
588,cweinegb,pzwZAu,earguilegb@newyorker.com
589,jellardgc,WxOvlyiiKj,jjirangc@1und1.de
590,wgarlickgd,AIl6vKKzA,cbloxholmgd@purevolume.com
591,gbrashge,Sc4MFDQOJnE,nvezeyge@rakuten.co.jp
592,bsotherngf,wnLtAVO8p,tskrzynskigf@infoseek.co.jp
593,agiacominigg,DeU3fUQLO,mdoullgg@ebay.com
594,dkettridgegh,rHyOvHCqKpX,khustingsgh@barnesandnoble.com
595,spercevalgi,bhTzI2vE,zrambautgi@sogou.com
596,ghassallgj,gWc7Dyb,cwillartongj@latimes.com
597,wharpingk,74RKdl2s,lpawelkegk@netvibes.com
598,ebengtsengl,A8yhr5,vsutchgl@ow.ly
599,namayagm,fBnOqlqFPD,cpaunsfordgm@pen.io
600,bgurggn,ryi3WIfYOx,agrizardgn@w3.org
601,gheamgo,ntJJKUSV,ahuntleygo@creativecommons.org
602,tvizardgp,inah6tIG,jdowdellgp@people.com.cn
603,jhamongq,uxuQd7G5k,fcartangq@list-manage.com
604,hludlgr,1x6sIhbwPS5x,dpipetgr@bloomberg.com
605,vmellandgs,5dYnNiU,wcollocottgs@timesonline.co.uk
606,mfeehelygt,m2gXxL,tavesongt@businessweek.com
607,kschachtergu,4JgIVuFOoq,fmattingu@comsenz.com
608,anelseygv,PRQaiTYv,jgatecliffegv@bbc.co.uk
609,mgillibrandgw,aVJmbTd,hglidegw@hibu.com
610,mmurogx,pLw3ZYTS,kilchenkogx@vkontakte.ru
611,mtroddengy,QfFpBnRnmjDn,sgillebertgy@alibaba.com
612,njeppgz,KY8oSIq19x,mgooderidgegz@sun.com
613,epalserh0,QJJjdkuoN,tserridgeh0@slideshare.net
614,rreglarh1,5dfNbdUppp3Q,gnorwoodh1@gnu.org
615,aringeh2,C6W70pIJwwC,djeaffresonh2@123-reg.co.uk
616,dvandervliesh3,hBsRr2KzpT,pgodmanh3@tripod.com
617,ehoffh4,7sOCEZJoLP2,gfransesh4@berkeley.edu
618,cteanbyh5,xuUZPXpt0gm,qfullerloveh5@qq.com
619,aduiguidh6,9OXubMP6b,btalksh6@list-manage.com
620,ldurieh7,CfrsswE9Cj,rbowleh7@whitehouse.gov
621,hferrymanh8,btRLYVCNsgE5,tgillionh8@adobe.com
622,akiltieh9,cBAkY4N,eoverillh9@narod.ru
623,tdunlapha,BrR8Bc,ayackiminieha@hp.com
624,hfriberghb,N5UqqhlB,respyhb@china.com.cn
625,aecclesallhc,8csK3n,bstreatherhc@netlog.com
626,gtotenhd,gT6peLZlqPa,apalphreymanhd@vimeo.com
627,hharnellhe,iIQzYheeWz,chellierhe@rediff.com
628,alaiblehf,qf8jLkAM,ppallanthf@symantec.com
629,hhallumhg,E1ykkicxo,kbudgethg@washington.edu
630,pnoltehh,zVetgPv,droncihh@networkadvertising.org
631,ahemerijkhi,QrtG8KmpM6,caverillhi@dell.com
632,kdufairehj,eYBVSuP5FF,melverstonehj@behance.net
633,cberwickhk,HThvt8VLvM,ggoninhk@sakura.ne.jp
634,cwalklotthl,LupQ2Ha,mdehavenhl@usnews.com
635,abohlhm,Lio0QPELGJ,fsealehm@nhs.uk
636,mabreyhn,ThTjELWzln,spickeringhn@biblegateway.com
637,lsandercroftho,eL58jOhhLhm,cclaweho@uol.com.br
638,akenchingtonhp,HDN5Xc,bgrubeyhp@arizona.edu
639,idavydenkohq,qeBxcrbktaHb,crollinsonhq@stanford.edu
640,cderkshr,IDcUkca4td,jwitherophr@mtv.com
641,qfalkinghamhs,a5tqsgbzlq,wgerardinhs@homestead.com
642,kdemeridaht,u2OmAlV,jroseburghht@dailymail.co.uk
643,csweetzerhu,AAppnaxBrD,krebankshu@nasa.gov
644,mgrimbaldestonhv,KbjRGA5K,kinneshv@seesaa.net
645,kstayneshw,teYnc87GwwB,clouwhw@vkontakte.ru
646,kleagashx,lxsVvguoxCej,lsandelshx@merriam-webster.com
647,arideshy,OusALMu2BmC,dbettinsonhy@blogtalkradio.com
648,tmulvinhz,EQUAJqS,sgolderhz@clickbank.net
649,nfreckinghami0,kapkVZuWP3,agobourni0@exblog.jp
650,aburrassi1,LB5BtNF,bcrottyi1@123-reg.co.uk
651,ghuxleyi2,UTxUR17x0s,rmckyrrellyi2@jalbum.net
652,qedmundsi3,I1798XqaOK,rgrievesi3@mozilla.com
653,odurstoni4,1EaBvw0T,eeasterlingi4@un.org
654,ctrounsoni5,lZM7TuCH,masplingi5@google.es
655,ebowseri6,4MBNpYaYNRH,ivicenti6@fc2.com
656,hpattleli7,bkXAAHhn6,awherryi7@theglobeandmail.com
657,tlocketti8,qf41JyZwd,rbowesi8@jiathis.com
658,ckeddlei9,NWc710u8Xn,dpaui9@mit.edu
659,iblodgetia,uZx20sD,bhesseria@salon.com
660,mbrumbieib,NCmg83f013Lg,abredeeib@slashdot.org
661,lbogaysic,In5DSzCM,sinkinic@umn.edu
662,escrimshireid,HJWs4XFUH50C,psautterid@sbwire.com
663,lmalamoreie,Q15xEddKiH,gliversleyie@trellian.com
664,ddormandif,es605tdv,jshardlowif@hhs.gov
665,aixorig,c5RFyQ,agoddertsfig@weibo.com
666,sballentimeih,2y0IOhKPn,idrysdallih@jigsy.com
667,sjirusekii,qBSEOw,swoodardii@comcast.net
668,eyitshakij,NQJrFes,bjoseij@istockphoto.com
669,cblooreik,RB5QDZAQNp2,kstaubynik@jugem.jp
670,marentsil,onQRds,kdennettil@slate.com
671,orummerim,HcScpfgl9BJ,gtewesim@psu.edu
672,jsealein,lObZRDkl,awoolgerin@wordpress.com
673,plarcierio,wy8xqlb29UK,mcrosonio@miitbeian.gov.cn
674,mbrassingtonip,aUvcshlC,aiversonip@photobucket.com
675,sbodilliq,4O2F3m,craittiq@list-manage.com
676,rbuttreyir,2e5xHStcf,ekopferir@disqus.com
677,gforbesis,2d6rzq3tRQzo,rivanenkois@zimbio.com
678,lmonroit,AIZecooq,sguessit@cafepress.com
679,wmarjoramiu,d1lbml,alongmateiu@google.com.hk
680,ksabatiniiv,MB4NOAP4,lbarhamsiv@noaa.gov
681,afitzgeorgeiw,z7NU5LK,chambidgeiw@businessweek.com
682,greeseix,Qk3W6eI72YRQ,dwharmbyix@uiuc.edu
683,cboytoniy,71fKX4pW9,episcoiy@altervista.org
684,lpatroniz,x9D452yx,akeyseiz@jiathis.com
685,kclausj0,WDbldwyc,vtampionj0@icio.us
686,ejandlj1,34vtsbCm,gbrumhamj1@addtoany.com
687,mmaxwellj2,Woj9yia,bheildj2@utexas.edu
688,ewhebellj3,02TQY0ScWm,tjeunej3@businessinsider.com
689,akelwickj4,w2LX9KjrQqeD,cbarratj4@creativecommons.org
690,oabramovicij5,kkkhKMk,tridgleyj5@who.int
691,ejannaschj6,i2owoN,dreavellj6@samsung.com
692,lvaenj7,TCfrR7eTyk,ghaselwoodj7@disqus.com
693,htrimblej8,8QoK2Qh,nhaxbyj8@ucsd.edu
694,bchamanj9,1zWtFVjjm,vmaddinonj9@simplemachines.org
695,kgrangierja,lBseuTDCDn5,abrewisja@rambler.ru
696,hdufaurjb,9fK2PEVuj8P,kdimitrovjb@ca.gov
697,rdjorevicjc,nwlj8eqBkul,ihamblinjc@ovh.net
698,lstreakjd,CvUIxnYC,gwifejd@un.org
699,hgiottoje,fC3vYm,kcarissje@apache.org
700,vmeerejf,7l4NCwSll,rludewigjf@sohu.com
701,cdallywaterjg,zVUCZg,dscotchbourougejg@usgs.gov
702,bdreinijh,BUUVg7elVTz,egahanjh@51.la
703,vokillji,pC9trXGMiIS,srenwickji@nationalgeographic.com
704,wmcguinnessjj,hcF84TM2,pdowjj@freewebs.com
705,slievesleyjk,zoNfDax2,cpacherjk@auda.org.au
706,hbangiardjl,OtJgHGQOC3,amuldowniejl@comcast.net
707,gouryjm,Ia0z3ka7xah,dcoppingjm@mapy.cz
708,tohegertiejn,6XnIs9TVR,flendremjn@umich.edu
709,htodarinijo,BqrxvfPBnnAd,dsarsonjo@nba.com
710,rweinjp,7njg4I3O,cbiasiojp@si.edu
711,rscinijq,IbuCOnV,kflisherjq@360.cn
712,ehaggerwoodjr,qKVnovlCQtl,ktretterjr@dagondesign.com
713,ekollachjs,tAbv4LX,adeeprosejs@shinystat.com
714,sputsonjt,36Rlfbr8LYP,avanyutinjt@digg.com
715,dmostenju,pFhVjdi,eellinsju@theglobeandmail.com
716,lwickrathjv,cVqeqIJ7,fcodejv@php.net
717,cracejw,8Urp5Hztda,nbuesneljw@census.gov
718,egodfrayjx,qK8HLGpc1Zst,aslarkejx@hugedomains.com
719,akilbridejy,dQRHGK98A,ecraxfordjy@cnn.com
720,ppeterajz,JOe4RQ,mchoakjz@google.fr
721,ksomesk0,n4QobzMUDw,rmarsiek0@hp.com
722,jdrissellk1,24zWyrMbab2,rabatek1@tinyurl.com
723,gjacquemyk2,LH87BeO,vduriek2@google.de
724,ydonnelk3,9Y4ddnKd6Fmb,ygatchk3@disqus.com
725,dstudholmek4,D5Uhl4,sgiggk4@networkadvertising.org
726,bcarbettk5,hGBX6qFA,bjoppk5@ezinearticles.com
727,alenardk6,TExhQDj,asielyk6@spotify.com
728,dturneauxk7,RTqcsGB,lmurielk7@xing.com
729,kmilesapk8,pXKxBee,crennek8@privacy.gov.au
730,manwellk9,CclhVCc0,mbloisk9@aol.com
731,cmcmonieska,x9TgCNL25c6,bbudgettka@mtv.com
732,mgrebnerkb,7W0FW7XCJ8,sletchkb@umich.edu
733,mrochkc,8F6rt8M16,jpuseykc@deviantart.com
734,nbunnerkd,bMVLj439t,rmattosoffkd@yandex.ru
735,ddanbike,enWD3EbDZvlu,shydeke@nyu.edu
736,fpolleyekf,Nc9XJ3IR7R,kcallamkf@utexas.edu
737,tlerekg,lX4DjgG,swingerkg@twitter.com
738,dtulipkh,KFNAcwqu6t,mdollmankh@thetimes.co.uk
739,jtofanelliki,Ae0d1RZnS,fproughtenki@cafepress.com
740,lmarkhamkj,7K93rE4U5,bgethinskj@cmu.edu
741,tghilkskk,7TMlBo0rkA,rcleminsonkk@xing.com
742,pdarbishirekl,fhCewt1S5,thedauxkl@sphinn.com
743,ymullerkm,W48FW2l,dcrottykm@harvard.edu
744,dpughkn,p4qG8GzT8xXX,aalbenkn@comsenz.com
745,ebarnsdallko,HkrjtLz,nsibbetko@shinystat.com
746,lbadderkp,buluQuBZhAi,bjeannequinkp@imageshack.us
747,corviskq,SrOOQ8oONh7,kdalliwatrkq@creativecommons.org
748,mberthekr,Cb52HrFoTlP,cdavidoffkr@hhs.gov
749,rpitfieldks,fUdNJYo,lpineks@rakuten.co.jp
750,rnuzzettikt,BeAqvN3GH31H,jaucourtekt@soundcloud.com
751,jfikeku,UCaw90E,ddehavenku@utexas.edu
752,lmarusikkv,dXX8jsEsf1,lbenthamkv@thetimes.co.uk
753,eshuttkw,WyDQPj7DQ,fquinnellykw@addthis.com
754,bgamonkx,3i27tTOIkiH,ggrigoriankx@bloomberg.com
755,cravenscroftky,FDYkrVUaXev,nbrimmicombeky@artisteer.com
756,gjuriskz,F15K0t1K,gfaulkeskz@instagram.com
757,jkimbreyl0,ny6aai,mboottonl0@behance.net
758,jspieghtl1,wklQPIpO,zrandlel1@google.com.hk
759,nellinl2,nMNgHg6n109i,sdoddemeedel2@toplist.cz
760,cmacvicarl3,umDRO8PLHA6b,ggerritzenl3@huffingtonpost.com
761,lelsleyl4,pdEKC1v,rworsoml4@google.com.hk
762,ilalorl5,xvJmFm62gpVc,rgepheartl5@cnet.com
763,dmorleyl6,VcbCZRnn3,ntombsl6@independent.co.uk
764,fbruntjenl7,Bp0flEzK,gholleworthl7@yahoo.co.jp
765,toneall8,aaaqVrL,whungerfordl8@wordpress.com
766,icearleyl9,b9opWS,hcorrel9@salon.com
767,vshearla,z5S3r3,tlebella@w3.org
768,miowarchlb,1WEWgM56vRdx,gaddylb@digg.com
769,ydeernesslc,GnYmia8Bp,lhadgraftlc@who.int
770,mjestyld,YEJ8DoAOn,apendrighld@loc.gov
771,sklessele,61fswlmtw,bplacidole@123-reg.co.uk
772,ehearnahlf,DrZQHP,rbrilonlf@timesonline.co.uk
773,tbeelbylg,nXYqp4D9RkF,esomervillelg@mapy.cz
774,rbrimmacombelh,KkdUQMsx9nX,ncordeixlh@umich.edu
775,mdeili,0a7dgX8kQNfi,nbeccerali@theatlantic.com
776,eghidettilj,TdcbaEbkD76x,amckewlj@parallels.com
777,spraylk,JQmLjqQ43A3l,skistinglk@w3.org
778,eferrarioll,7IAgKEidJ4tC,lcranll@technorati.com
779,dlawfulllm,g6F1dQH45i,fmcgenislm@ask.com
780,ctarneyln,RtlQpsA,adecruzln@sakura.ne.jp
781,hclemencelo,lQYtQdYXK,lchomiczlo@prweb.com
782,jfrigoutlp,oVQ1WZa,bgrimeslp@xinhuanet.com
783,bpinnegarlq,xuXCZnSv,breynoolldslq@plala.or.jp
784,pfidgettlr,cmExLBEF8e,dcaugheylr@blogspot.com
785,aunsworthls,YP1cbJwp,mmaystonels@com.com
786,lronaldlt,il3P6Xf,vcardinalelt@clickbank.net
787,tshovelllu,D1J1lH,tfolleylu@msn.com
788,ysmileylv,wUumpmzky4m,pdelonglv@hatena.ne.jp
789,klidyardlw,6mddvkor,ajaunceylw@wordpress.com
790,aeskriettlx,NbiTWDbjE,ttilliardlx@gov.uk
791,ftravissly,IkPwWnq9fL,bcapeloffly@usa.gov
792,saugarlz,duR6CM,clookerlz@washingtonpost.com
793,asebertm0,74YU1s6Vmo,mesomm0@shareasale.com
794,aderlem1,iQrkZWUSr,mroscoem1@si.edu
795,areallym2,Wjzmg7SXX0Io,bnorthcliffem2@goo.ne.jp
796,cwilcem3,ZzQOPueb,ygoodwinsm3@unesco.org
797,ehugettm4,pmmGkF,wglenfieldm4@google.com.hk
798,vkinnearm5,PxgUJH,tquinceym5@tripadvisor.com
799,cplaitm6,w3cU713mg,jwhitebreadm6@shop-pro.jp
800,hricciardellom7,FlaHecGr,fjaqueminetm7@yandex.ru
801,nwiddecombem8,d92j4l6bWM,smcculloghm8@nydailynews.com
802,isnalumm9,0koUhTOSvF,mstowellm9@multiply.com
803,adabbesma,KeXrw254sp,crochesma@oracle.com
804,hwibrowmb,jWjEDhOL,tspeendenmb@boston.com
805,ichoatmc,wsi55Cb53z7,dhughfmc@cyberchimps.com
806,kgoldinmd,pKfJNfIjwR0X,kfranceymd@youtube.com
807,hpollicoteme,nvHGrDs,lbilyardme@i2i.jp
808,bbloomfieldmf,VlapyXqSc,mpinnockmf@pagesperso-orange.fr
809,gmaccriemg,CJ404ko7,clodekemg@php.net
810,mlohmeyermh,C80W3Win,mmcviemh@opera.com
811,kpurvismi,CyqrjMHIy,gmetschkemi@howstuffworks.com
812,mguideramj,n4WsQcU,cbucktharpmj@networkadvertising.org
813,ckaasmannmk,EC1374z4FOOh,gleabeatermk@sun.com
814,tclistml,CCUOGc,nbinnesml@dell.com
815,mswinburnmm,okSjVw,aeminsonmm@networksolutions.com
816,kdonohuemn,kUJKJY2,hlequeuxmn@surveymonkey.com
817,asterlingmo,N5X6nX,ascrammagemo@europa.eu
818,jbertiemp,F9U4Wx4GJgm,ebruyntjesmp@deliciousdays.com
819,dczajkamq,Q0YeG9s4h,gyvemq@geocities.jp
820,mzanuttimr,2vCNB2vC,sblackadermr@cargocollective.com
821,nbeldenms,0hYF3LvlAXE,hniemetzms@tinyurl.com
822,jclilverdmt,cGPbMOOeoZx,agourdonmt@washingtonpost.com
823,dlaweemu,DBIzQhrzrx4q,gsharpemu@google.com
824,rticemv,HQWOP6ij,eheismv@upenn.edu
825,johagirtiemw,3qm3dCZD,zguicemw@miitbeian.gov.cn
826,ahacunmx,EqeeSC,mtolemanmx@newyorker.com
827,ldurtnellmy,QDRd8IBPPqk,sgeorgesonmy@amazon.co.jp
828,mtweedliemz,kYYJ5X,gricoldmz@rambler.ru
829,lelnorn0,PU9u7kWH,haymern0@ovh.net
830,lbridien1,xF3o66QNs,smcastern1@youtube.com
831,hlumsdenn2,2ma7bHr,raddicoten2@scientificamerican.com
832,rwildgoosen3,14NQCx4ed,dmanneringn3@spotify.com
833,bdunkerleyn4,Ida6TCjCZ,mtonbridgen4@nasa.gov
834,tgonnelyn5,17oIxe1kBp,rhorsfieldn5@unesco.org
835,szukermann6,td3Qmqu7T,eaddersonn6@yahoo.com
836,tcoverdilln7,AC6RaFKVkm,kpenellan7@deliciousdays.com
837,wkellowayn8,xcVJXj,lcotgroven8@amazon.com
838,frooneyn9,jgHTSIL7EhS,ccoardn9@indiegogo.com
839,mingrayna,PuMiUP,lsammarsna@topsy.com
840,pcogmannb,6erQck,glemmertznb@example.com
841,ggarnamnc,XgVdzp,jzoanettinc@addtoany.com
842,vleleund,vNklNxC,amccurriend@soundcloud.com
843,gmccrayne,35ltObsAZ,mwiggingtonne@cdc.gov
844,jcalderonnf,0ZXOd4K,jdarrigonf@loc.gov
845,trametng,Yg5LMyZ,bsimmingsng@nhs.uk
846,dlawrinsonnh,rYN58s,rwilfingernh@alibaba.com
847,sadrianini,jlux4o8k2,cnoseworthyni@bigcartel.com
848,everbrugghennj,AlmExTQ65,jkingscotenj@tinyurl.com
849,fhumbynk,lUY1gFfOK,cginnetynk@yellowpages.com
850,njeffreysnl,PDdaFru2,rpenellinl@jigsy.com
851,abollininm,YkOhJOg1V,ysienenm@jimdo.com
852,aolechnn,DffkZa3EI,sscrangenn@about.com
853,vkermitno,f4ffmU9p,htrudgionno@ox.ac.uk
854,dpolandnp,5bgKUxnuYXk,hwalthallnp@chicagotribune.com
855,tgossartnq,WAygXnwG,pgoriolinq@ifeng.com
856,asounessnr,HWqctVg0l,afrynr@cnet.com
857,pdeddumns,MHHBqKm,scoattsns@shop-pro.jp
858,bmcdonoghnt,ou4Ia2Wbehx,kclinningnt@4shared.com
859,vhealynu,bdmZKDpoX,sswarbricknu@gov.uk
860,gmacpeicenv,X07feR68D,smillettnv@printfriendly.com
861,falthropenw,K2UJQRKcP,lbicknellnw@delicious.com
862,kshortnx,Wkqmvi,mledesnx@phpbb.com
863,lcockettny,vNz7gz,ohyslopny@thetimes.co.uk
864,ncailnz,G4S3w0bkj,sturrinz@rediff.com
865,smembryo0,TY8or17,rdyero0@cornell.edu
866,rhovendeno1,vJ0ozrB2jVSk,ssutlieffo1@reference.com
867,bkiehneo2,ChRsoChYR0x,hlevaneo2@google.com.au
868,twatkinso3,wYUKD3,rchasleso3@state.gov
869,harstallo4,FU5NbP,pziehmso4@vimeo.com
870,lasmano5,BVQvskWwZhg,anovaceko5@princeton.edu
871,rfearneyo6,j3NUQm,fpagramo6@newyorker.com
872,wperreeo7,FS2eaF,hkellogo7@paypal.com
873,corromo8,NTSRurLNvpwm,kdelahuntyo8@indiatimes.com
874,blehemanno9,pQfw0Ux,mkeyo9@godaddy.com
875,rsandsoa,gGHrJBjLYAA,ihicksoa@mac.com
876,adallanderob,VHwfQLw,zgrzegorczykob@prweb.com
877,abradburnoc,TbF8Rs9ITm,lpolyeoc@sphinn.com
878,pbainod,CflwMg,tcoghillod@wordpress.org
879,cbiffinoe,p8Euoc6fdVV4,egraveneyoe@webs.com
880,eheavyof,D7E3toUv,storveyof@sogou.com
881,aneyog,wWopuWxkhT7W,bderobertog@berkeley.edu
882,moaklyoh,HFpxsjoTkMB,ebanyardoh@sphinn.com
883,jalcockoi,Qc2kyaAM0,srembrantoi@ebay.co.uk
884,cdonnellyoj,Y0UUfkI9o6b,abaversoroj@usa.gov
885,khallstoneok,mpDlNjp8Sq0t,bgeanyok@paypal.com
886,mcaroliol,89FYlssjUi,tdeandreisol@livejournal.com
887,dnansomom,95P4cEp39wt,tcarrierom@example.com
888,pleiston,UAWYiUVa,sdabourneon@google.com.br
889,erheubottomoo,5Ce2ROMa6,dbenneyworthoo@hud.gov
890,kconnellop,XX863J1vZ,vjeevesop@ca.gov
891,amackowleoq,paz6boGY,lbeamissoq@abc.net.au
892,epragnallor,afIdI4jV0K,hlegenor@dedecms.com
893,jcorstorphineos,wbGFkeUq,fkubackios@latimes.com
894,gdudmanot,zNnokPP7G,dcullot@jigsy.com
895,emcmylerou,ckT35JDNLg,lbladonou@ed.gov
896,kensorov,u1ByHF8e,tbramleyov@shareasale.com
897,mvalentimow,lWABYoa,mhestropow@webs.com
898,cposnettox,2RhqMWN,dcantrellox@shutterfly.com
899,cdanilyukoy,U5luv1lW,vnewcomoy@un.org
900,ebarnacloughoz,KGoUHuoQ,apearchoz@gmpg.org
901,nprazerp0,HW7LALWfab,fmagowanp0@rakuten.co.jp
902,ngaylorp1,eIYRcN3p78,hgoakesp1@samsung.com
903,mbrigshawp2,85k1u0,mturneauxp2@webs.com
904,asudworthp3,UKw4bR,mcreamerp3@skype.com
905,kmacgownp4,TPv8cK,bcoxonp4@imageshack.us
906,bforsterp5,qX9Opz,gbamberp5@de.vu
907,iattackp6,D5nwkt7PW,tlasseterp6@ibm.com
908,wkeepp7,p7zFilc,nrodmanp7@blog.com
909,ccharkhamp8,dcC6FOcOOB,kjosephoffp8@plala.or.jp
910,mharnottp9,D90DUFl93,croutleyp9@vk.com
911,rrametpa,KtASK4Ag1i,gculchethpa@unesco.org
912,adepinnapb,9Li0vIHWt,lwinfieldpb@google.fr
913,formerodpc,VlboAZ8qFE,mbrentpc@twitter.com
914,mmackimmpd,K8ZHa5lCX,mdeakespd@harvard.edu
915,aruberype,FJ7LYzuG3ml,bthurstanpe@tumblr.com
916,jbroadberrypf,mISM9ZnXsk8z,rblaskettpf@dagondesign.com
917,rswinyardpg,2yttsKnwQ,dwhittenburypg@bbb.org
918,ooakenfallph,o8WzyRMJ82,akilligrewph@theguardian.com
919,hmaccreepi,ZGe2OZt,msanjapi@tinypic.com
920,dgamblespj,U68BAPB,mbufferypj@mozilla.com
921,rbosketpk,ODDe5xXWzMAL,htarnpk@com.com
922,jmaccrachenpl,ka4qx88r,epratleypl@toplist.cz
923,calexandersenpm,bEUqfVR,ahynsonpm@dyndns.org
924,mcalderopn,4RIR69CVtJ,jstripppn@vimeo.com
925,mmcshanepo,4lOCu1Th,kratnagepo@mozilla.org
926,dshackelpp,tMw4nH73Oi,dcolumbinepp@eepurl.com
927,opawnsfordpq,H3TJHmDq5SLm,agorvettepq@cargocollective.com
928,dhubberpr,KhRQXAQXV,lgilpillanpr@nymag.com
929,agreenhillps,1LECJrWIoVZk,nyeldenps@sakura.ne.jp
930,abodleighpt,VaN9Xzq1C,dsackurpt@canalblog.com
931,hwittkepu,3zMs9zjxab,hdykapu@hp.com
932,rkingtonpv,Q7yKzHO,csmitherampv@pagesperso-orange.fr
933,ggraberpw,M4ISIIq7,ekestinpw@liveinternet.ru
934,cferenczypx,gh67EE3sKhE,hlumleypx@simplemachines.org
935,lfranciscopy,Pr4aVLKKInc,ekingscotepy@bbc.co.uk
936,dkemellpz,dAcI5RE,dwederellpz@e-recht24.de
937,ttruettq0,qBnrvWw,clerohanq0@barnesandnoble.com
938,gsimq1,667fi005co0x,hperagoq1@t-online.de
939,lallridgeq2,3SXu18Cx1,dtravesq2@cdbaby.com
940,educkerq3,SLSasY,garchibaldq3@google.com.hk
941,jtotheq4,unazvbgB,frudkinq4@twitpic.com
942,lsyrieq5,1bNY84jb,alauksq5@squidoo.com
943,kswadlingq6,Q9fRFazb,kforsdickeq6@google.fr
944,lgeorgievskiq7,ZFHKBxs7,fcapronq7@seesaa.net
945,rewbancheq8,ROmpIJPi,bglovesq8@usnews.com
946,rhunnisettq9,Jq0mxg6S6X,imattielliq9@newsvine.com
947,fwallheadqa,sAKPM0R,rlawdayqa@google.com.au
948,fbosleyqb,KHvVN74W30,iyurtsevqb@jugem.jp
949,ymasseoqc,muAqEqh65jY,cferrerasqc@php.net
950,jkelbieqd,nghTRfGe,ndumbletonqd@sohu.com
951,brochesqe,17Phn04agp,jgonsaloqe@bandcamp.com
952,mhartrickqf,qZz9Ln,bmactagueqf@oakley.com
953,ahardwidgeqg,CETtqRC79022,emorrantqg@seattletimes.com
954,ifoffanoqh,PuGOnAIeNwX,mgerleitqh@stumbleupon.com
955,acraggqi,EiCimO8JzGoX,cferrimanqi@shop-pro.jp
956,smerrydewqj,Oi4zshqugFO,doxherdqj@wiley.com
957,fbrierleyqk,Hv8hsv,rthorburnqk@cnbc.com
958,zkitchingmanql,284qGMf,elampeql@accuweather.com
959,lpesekqm,pWeSsT3bL7G,ckobischqm@phoca.cz
960,eharlandqn,bv2ykhh0RT,mmadleqn@google.co.jp
961,acheyneyqo,Z4vID3RFL,rmbarronqo@vistaprint.com
962,tlealleqp,ocBOmuComFv,cclueqp@domainmarket.com
963,cspelsburyqq,jp7BQbv,pgermainqq@privacy.gov.au
964,gjulianqr,QjHZW4RPAeBT,ihowtonqr@tinypic.com
965,psykesqs,uDWbAcgQJT,wryrieqs@dyndns.org
966,agorewayqt,hya9s8xq6W,dmarkovicqt@princeton.edu
967,amanilowqu,t7R3Y0,bpanterqu@furl.net
968,nkyttorqv,AzqVmP5,aholstonqv@ucoz.ru
969,eungerechtsqw,mN6oGcNoo,vprattonqw@alexa.com
970,fgrobqx,8rAadxg,cduhamelqx@admin.ch
971,hprobertqy,K1RzJqke,scroadqy@tinyurl.com
972,dsibsonqz,dzrpfeTGM,cfultonqz@nih.gov
973,tmaskreyr0,TprRUCDf6x,sferryr0@archive.org
974,eswabyr1,4cgmxKNECB,pmurrigansr1@senate.gov
975,vgillmorr2,Od849c,scarneyr2@nps.gov
976,gmochanr3,WngxqFma8g,cromaninir3@desdev.cn
977,cforsaithr4,J5orCty5,kleightonr4@addthis.com
978,gedgelerr5,4NMriT923,zcarradicer5@msu.edu
979,nclappr6,tYSQHyHAg,bwilgarr6@friendfeed.com
980,dperduer7,5cTeQKArV,hdeblasior7@wp.com
981,dbeeckxr8,L10pq5u1fRDj,hretterr8@businessweek.com
982,imotter9,mlOqhYLY,jbladenr9@qq.com
983,agreggersenra,jtTzIh,irultenra@admin.ch
984,astanneringrb,wdv3wdK,ccolreinrb@woothemes.com
985,rknappettrc,zT3MnkpUARJ,lshovlarrc@reuters.com
986,roliverasrd,qj9OZuS56bOK,fbisikerrd@npr.org
987,mtittare,4QRsExi6zhtu,gfeildenre@bravesites.com
988,vassirattirf,IcSJgev,vdownsrf@va.gov
989,mseggesrg,TKU3gLXRGUbx,cgeraldezrg@sitemeter.com
990,nbraganzarh,B4QMvrwdLF,gvandijkrh@cornell.edu
991,gvolonteri,7JZHP5u6C,cglasperri@cnn.com
992,ggraylandrj,YNAbD1T8,rshaddockrj@house.gov
993,mbraggerk,ZFSy5W45G6T,dreolfork@wikimedia.org
994,kcurteisrl,yifUQP,kovenrl@chronoengine.com
995,tschreursrm,W2izq8WSPGKM,fandrichrm@surveymonkey.com
996,jswindleyrn,qJY6LEG,fsperlingrn@opera.com
997,yguilloneauro,LoZgBlXCceHF,kblackahro@gizmodo.com
998,lgodfrayrp,llAwCxr,ssamsonrp@example.com
999,dcamposrq,GbYPJOpc9r,slallyrq@bluehost.com
1000,gquernelrr,R3dg5Kn,nplascottrr@chronoengine.com
